support,itemsets
0.10651750972762646,frozenset({'85123A - white hanging heart t-light holder'})
0.09203415477734544,frozenset({'22423 - regency cakestand 3 tier'})
0.08646779074794639,frozenset({'85099B - jumbo bag red retrospot'})
0.0745244271508863,frozenset({'47566 - party bunting'})
0.07430825767401643,frozenset({'84879 - assorted colour bird ornament'})
0.06960657155209685,frozenset({'20725 - lunch bag red retrospot'})
0.061932555123216604,frozenset({'22720 - set of 3 cake tins pantry design'})
0.059392563769995674,frozenset({'POST - postage'})
0.05685257241677475,frozenset({'20727 - lunch bag  black skull.'})
0.05560959792477302,frozenset({'21212 - pack of 72 retrospot cake cases'})
0.054204496325118895,frozenset({'23298 - spotty bunting'})
0.05339386078685689,frozenset({'22382 - lunch bag spaceboy design'})
0.05296152183311716,"frozenset({""22086 - paper chain kit 50's christmas""})"
0.0522589710332901,frozenset({'22457 - natural slate heart chalkboard'})
0.052204928664072635,frozenset({'20728 - lunch bag cars blue'})
0.0519347168179853,frozenset({'22469 - heart of wicker small'})
0.05031344574146131,frozenset({'22384 - lunch bag pink polkadot'})
0.04858408992650238,frozenset({'22383 - lunch bag suki design'})
0.04744920017293558,frozenset({'22960 - jam making set with jars'})
0.04739515780371811,frozenset({'22727 - alarm clock bakelike red'})
0.04734111543450065,frozenset({'82482 - wooden picture frame white finish'})
0.047070903588413315,frozenset({'22386 - jumbo bag pink polkadot'})
0.046908776480760916,frozenset({'22961 - jam making set printed'})
0.046800691742325984,frozenset({'23206 - lunch bag apple design'})
0.046800691742325984,frozenset({'22993 - set of 4 pantry jelly moulds'})
0.04642239515780372,frozenset({'21034 - rex cash+carry jumbo shopper'})
0.04615218331171639,frozenset({'22138 - baking set 9 piece retrospot'})
0.04474708171206226,frozenset({'22666 - recipe box pantry yellow design'})
0.044476869865974926,frozenset({'22139 - retrospot tea set ceramic 11 pc'})
0.04431474275832253,frozenset({'20726 - lunch bag woodland'})
0.044044530912235196,frozenset({'22178 - victorian glass hanging t-light'})
0.04382836143536532,frozenset({'82494L - wooden frame antique white'})
0.04328793774319066,frozenset({'22470 - heart of wicker large'})
0.04328793774319066,frozenset({'23084 - rabbit night light'})
0.04269347168179853,frozenset({'22411 - jumbo shopper vintage red paisley'})
0.042639429312581065,frozenset({'22726 - alarm clock bakelike green'})
0.04231517509727627,frozenset({'22699 - roses regency teacup and saucer'})
0.04182879377431906,frozenset({'21931 - jumbo storage bag suki'})
0.04172070903588413,frozenset({'23202 - jumbo bag vintage leaf'})
0.041234327712926934,frozenset({'20914 - set/5 red retrospot lid glass bowls'})
0.04085603112840467,frozenset({'23301 - gardeners kneeling pad keep calm'})
0.040639861651534805,frozenset({'23201 - jumbo bag alphabet'})
0.039937310851707736,frozenset({'20724 - red retrospot charlotte bag'})
0.03955901426718547,frozenset({'21080 - set/20 red retrospot paper napkins'})
0.039234760051880674,frozenset({'22077 - 6 ribbons rustic charm'})
0.03901859057501081,frozenset({'21790 - vintage snap cards'})
0.03885646346735841,frozenset({'23355 - hot water bottle keep calm'})
0.03880242109814094,frozenset({'23199 - jumbo bag apples'})
0.03880242109814094,frozenset({'23245 - set of 3 regency cake tins'})
0.03804582792909641,frozenset({'22629 - spaceboy lunch box'})
0.03782965845222654,frozenset({'22112 - chocolate hot water bottle'})
0.037667531344574144,frozenset({'22910 - paper chain kit vintage christmas'})
0.037505404236921745,frozenset({'21181 - please one person metal sign'})
0.037343277129269346,frozenset({'21754 - home building block word'})
0.037343277129269346,frozenset({'22697 - green regency teacup and saucer'})
0.03669476869865975,frozenset({'21733 - red hanging heart t-light holder'})
0.03615434500648509,frozenset({'21977 - pack of 60 pink paisley cake cases'})
0.035505836575875485,frozenset({'84991 - 60 teatime fairy cake cases'})
0.03545179420665802,frozenset({'22111 - scottie dog hot water bottle'})
0.03539775183744055,frozenset({'21175 - gin + tonic diet metal sign'})
0.035343709468223086,frozenset({'85099F - jumbo bag strawberry'})
0.03528966709900562,frozenset({'22722 - set of 6 spice tins pantry design'})
0.035073497622135755,frozenset({'85099C - jumbo  bag baroque black white'})
0.03501945525291829,frozenset({'23284 - doormat keep calm and come in'})
0.03496541288370082,frozenset({'23207 - lunch bag alphabet design'})
0.03453307392996109,frozenset({'22558 - clothes pegs retrospot pack 24'})
0.034316904453091227,frozenset({'23300 - gardeners kneeling pad cup of tea'})
0.03415477734543882,frozenset({'22197 - popcorn holder'})
0.03356031128404669,frozenset({'23203 - jumbo bag vintage doily'})
0.033506268914829225,frozenset({'22624 - ivory kitchen scales'})
0.03329009943795936,frozenset({'22630 - dolly girl lunch box'})
0.03312797233030696,frozenset({'22728 - alarm clock bakelike pink'})
0.032641591007349764,frozenset({'82484 - wood black board ant white finish'})
0.03253350626891483,frozenset({'21166 - cook with wine metal sign'})
0.03253350626891483,frozenset({'21929 - jumbo bag pink vintage paisley'})
0.032317336792044966,frozenset({'22662 - lunch bag dolly girl design'})
0.0322632944228275,frozenset({'23208 - lunch bag vintage leaf design'})
0.03215520968439256,frozenset({'22326 - round snack boxes set of4 woodland'})
0.03188499783830523,frozenset({'85152 - hand over the chocolate   sign'})
0.03172287073065283,frozenset({'22554 - plasters in tin woodland animals'})
0.031668828361435364,"frozenset({""23344 - jumbo bag 50's christmas""})"
0.0316147859922179,frozenset({'22355 - charlotte bag suki design'})
0.0314526588845655,frozenset({'23321 - small white heart of wicker'})
0.0312905317769131,frozenset({'22551 - plasters in tin spaceboy'})
0.0311284046692607,frozenset({'20685 - doormat red retrospot'})
0.030912235192390836,frozenset({'22865 - hand warmer owl design'})
0.030912235192390836,frozenset({'84978 - hanging heart jar t-light holder'})
0.030804150453955903,frozenset({'22467 - gumball coat rack'})
0.0306420233463035,frozenset({'22090 - paper bunting retrospot'})
0.030317769130998703,frozenset({'21915 - red  harmonica in box'})
0.03004755728491137,frozenset({'22698 - pink regency teacup and saucer'})
0.029993514915693905,frozenset({'21755 - love building block word'})
0.02993947254647644,frozenset({'22966 - gingerbread man cookie cutter'})
0.029507133592736705,"frozenset({'85099B - jumbo bag red retrospot', '22386 - jumbo bag pink polkadot'})"
0.029236921746649373,"frozenset({'22697 - green regency teacup and saucer', '22699 - roses regency teacup and saucer'})"
0.029074794638996974,frozenset({'23209 - lunch bag vintage doily'})
0.028912667531344576,frozenset({'20972 - pink cream felt craft trinket box'})
0.02885862516212711,frozenset({'84946 - antique silver t-light glass'})
0.02880458279290964,frozenset({'22907 - pack of 20 napkins pantry design'})
0.02880458279290964,frozenset({'21485 - retrospot heart hot water bottle'})
0.028696498054474707,frozenset({'20719 - woodland charlotte bag'})
0.028696498054474707,frozenset({'48187 - doormat new england'})
0.02864245568525724,"frozenset({'22726 - alarm clock bakelike green', '22727 - alarm clock bakelike red'})"
0.028588413316039774,frozenset({'84755 - colour glass t-light holder hanging'})
0.028588413316039774,frozenset({'21975 - pack of 60 dinosaur cake cases'})
0.028264159100734976,"frozenset({'22384 - lunch bag pink polkadot', '20725 - lunch bag red retrospot'})"
0.02821011673151751,frozenset({'21731 - red toadstool led night light'})
0.028156074362300044,frozenset({'22556 - plasters in tin circus parade'})
0.028156074362300044,frozenset({'84378 - set of 3 heart cookie cutters'})
0.02804798962386511,frozenset({'79321 - chilli lights'})
0.027993947254647645,frozenset({'22969 - homemade jam scented candles'})
0.02793990488543018,frozenset({'21914 - blue harmonica in box'})
0.02793990488543018,"frozenset({'20727 - lunch bag  black skull.', '20725 - lunch bag red retrospot'})"
0.027885862516212712,frozenset({'48138 - doormat union flag'})
0.027777777777777776,frozenset({'22114 - hot water bottle tea and sympathy'})
0.027615650670125377,frozenset({'22113 - grey heart hot water bottle'})
0.027615650670125377,frozenset({'23322 - large white heart of wicker'})
0.027507565931690445,frozenset({'22621 - traditional knitting nancy'})
0.027507565931690445,frozenset({'82483 - wood 2 drawer cabinet white finish'})
0.027399481193255512,frozenset({'21232 - strawberry ceramic trinket box'})
0.02729139645482058,frozenset({'22835 - hot water bottle i am so poorly'})
0.027237354085603113,frozenset({'22659 - lunch box i love london'})
0.027237354085603113,frozenset({'23307 - set of 60 pantry design cake cases'})
0.027075226977950714,frozenset({'84992 - 72 sweetheart fairy cake cases'})
0.02696714223951578,frozenset({'21213 - pack of 72 skull cake cases'})
0.026913099870298315,frozenset({'84380 - set of 3 butterfly cookie cutters'})
0.026588845654993514,frozenset({'20723 - strawberry charlotte bag'})
0.026588845654993514,frozenset({'20712 - jumbo bag woodland animals'})
0.026426718547341115,frozenset({'22909 - set of 20 vintage christmas napkins'})
0.026318633808906183,frozenset({'22356 - charlotte bag pink polkadot'})
0.02621054907047125,frozenset({'21791 - vintage heads and tails card game'})
0.02594033722438392,frozenset({'22557 - plasters in tin vintage paisley'})
0.02594033722438392,frozenset({'48194 - doormat hearts'})
0.025778210116731516,frozenset({'22385 - jumbo bag spaceboy design'})
0.02572416774751405,frozenset({'84836 - zinc metal heart decoration'})
0.025616083009079117,frozenset({'22867 - hand warmer bird design'})
0.025507998270644185,frozenset({'84077 - world war 2 gliders asstd designs'})
0.02545395590142672,frozenset({'21930 - jumbo storage bag skulls'})
0.02545395590142672,frozenset({'22866 - hand warmer scotty dog design'})
0.025399913532209252,frozenset({'23200 - jumbo bag pears'})
0.02529182879377432,"frozenset({'82494L - wooden frame antique white', '82482 - wooden picture frame white finish'})"
0.02529182879377432,frozenset({'22730 - alarm clock bakelike ivory'})
0.025237786424556853,"frozenset({'22382 - lunch bag spaceboy design', '20725 - lunch bag red retrospot'})"
0.025183744055339387,frozenset({'22952 - 60 cake cases vintage christmas'})
0.02512970168612192,frozenset({'23293 - set of 12 fairy cake baking cases'})
0.025075659316904454,frozenset({'23209 - lunch bag doiley pattern'})
0.025075659316904454,"frozenset({'22384 - lunch bag pink polkadot', '20727 - lunch bag  black skull.'})"
0.025021616947686988,"frozenset({'23300 - gardeners kneeling pad cup of tea', '23301 - gardeners kneeling pad keep calm'})"
0.025021616947686988,frozenset({'22577 - wooden heart christmas scandinavian'})
0.024913532209252055,frozenset({'22149 - feltcraft 6 flower friends'})
0.024859489840034586,"frozenset({'22697 - green regency teacup and saucer', '22698 - pink regency teacup and saucer'})"
0.024751405101599653,frozenset({'22328 - round snack boxes set of 4 fruits'})
0.024751405101599653,"frozenset({'20728 - lunch bag cars blue', '20725 - lunch bag red retrospot'})"
0.024697362732382187,frozenset({'20971 - pink blue felt craft trinket box'})
0.024589277993947254,"frozenset({'85123A - white hanging heart t-light holder', '21733 - red hanging heart t-light holder'})"
0.024535235624729788,frozenset({'23203 - jumbo bag doiley patterns'})
0.024535235624729788,frozenset({'22766 - photo frame cornice'})
0.024427150886294855,frozenset({'22189 - cream heart card holder'})
0.02437310851707739,frozenset({'21928 - jumbo bag scandinavian blue paisley'})
0.02437310851707739,"frozenset({'22910 - paper chain kit vintage christmas', ""22086 - paper chain kit 50's christmas""})"
0.024319066147859923,"frozenset({'22383 - lunch bag suki design', '20725 - lunch bag red retrospot'})"
0.024265023778642456,frozenset({'22555 - plasters in tin strongman'})
0.024265023778642456,frozenset({'23356 - love hot water bottle'})
0.024265023778642456,frozenset({'21889 - wooden box of dominoes'})
0.02421098140942499,frozenset({'22367 - childrens apron spaceboy design'})
0.02421098140942499,frozenset({'22625 - red kitchen scales'})
0.02404885430177259,frozenset({'85066 - cream sweetheart mini chest'})
0.023994811932555125,frozenset({'22083 - paper chain kit retrospot'})
0.023832684824902722,frozenset({'22633 - hand warmer union jack'})
0.023832684824902722,frozenset({'22667 - recipe box retrospot'})
0.023832684824902722,frozenset({'22427 - enamel flower jug cream'})
0.02372460008646779,frozenset({'22553 - plasters in tin skulls'})
0.023616515348032857,frozenset({'22998 - travel card wallet keep calm'})
0.02356247297881539,frozenset({'22147 - feltcraft butterfly hearts'})
0.02356247297881539,"frozenset({'22699 - roses regency teacup and saucer', '22698 - pink regency teacup and saucer'})"
0.023454388240380458,"frozenset({'85099B - jumbo bag red retrospot', '21931 - jumbo storage bag suki'})"
0.023400345871162992,"frozenset({'20726 - lunch bag woodland', '20725 - lunch bag red retrospot'})"
0.023400345871162992,frozenset({'22578 - wooden star christmas scandinavian'})
0.023076091655858194,"frozenset({'22384 - lunch bag pink polkadot', '20728 - lunch bag cars blue'})"
0.023022049286640728,frozenset({'21559 - strawberry lunch box with cutlery'})
0.02296800691742326,"frozenset({'85099B - jumbo bag red retrospot', '20725 - lunch bag red retrospot'})"
0.02296800691742326,frozenset({'23204 - charlotte bag apples design'})
0.02291396454820579,frozenset({'22617 - baking set spaceboy design'})
0.02291396454820579,"frozenset({'22630 - dolly girl lunch box', '22629 - spaceboy lunch box'})"
0.022751837440553393,frozenset({'21843 - red retrospot cake stand'})
0.022751837440553393,frozenset({'22144 - christmas craft little friends'})
0.022751837440553393,"frozenset({'20728 - lunch bag cars blue', '20727 - lunch bag  black skull.'})"
0.022697795071335927,"frozenset({'22423 - regency cakestand 3 tier', '22699 - roses regency teacup and saucer'})"
0.022589710332900994,"frozenset({'22382 - lunch bag spaceboy design', '20727 - lunch bag  black skull.'})"
0.022535667963683528,frozenset({'22568 - feltcraft cushion owl'})
0.02248162559446606,frozenset({'84375 - set of 20 kids cookie cutters'})
0.02248162559446606,frozenset({'22193 - red diner wall clock'})
0.02237354085603113,"frozenset({'85099B - jumbo bag red retrospot', '85099F - jumbo bag strawberry'})"
0.022265456117596196,frozenset({'84970S - hanging heart zinc t-light holder'})
0.02221141374837873,frozenset({'20713 - jumbo bag owls'})
0.022103329009943797,"frozenset({'22383 - lunch bag suki design', '20727 - lunch bag  black skull.'})"
0.021995244271508865,frozenset({'22379 - recycling bag retrospot'})
0.021995244271508865,frozenset({'22417 - pack of 60 spaceboy cake cases'})
0.021995244271508865,"frozenset({'22470 - heart of wicker large', '22469 - heart of wicker small'})"
0.02188715953307393,"frozenset({'22382 - lunch bag spaceboy design', '20726 - lunch bag woodland'})"
0.02188715953307393,frozenset({'21524 - doormat spotty home sweet home'})
0.021779074794638996,frozenset({'22197 - small popcorn holder'})
0.02172503242542153,frozenset({'22150 - 3 stripey mice feltcraft'})
0.021670990056204063,frozenset({'22749 - feltcraft princess charlotte doll'})
0.021454820579334198,frozenset({'21523 - doormat fancy font home sweet home'})
0.021454820579334198,frozenset({'47591D - pink fairy cake childrens apron'})
0.021400778210116732,"frozenset({'22411 - jumbo shopper vintage red paisley', '85099B - jumbo bag red retrospot'})"
0.021400778210116732,"frozenset({'22727 - alarm clock bakelike red', '22728 - alarm clock bakelike pink'})"
0.021346735840899266,frozenset({'22561 - wooden school colouring set'})
0.0212926934716818,frozenset({'22029 - spaceboy birthday card'})
0.0212926934716818,frozenset({'22652 - travel sewing kit'})
0.0211305663640294,"frozenset({'20728 - lunch bag cars blue', '22382 - lunch bag spaceboy design'})"
0.0211305663640294,frozenset({'22191 - ivory diner wall clock'})
0.0211305663640294,frozenset({'21621 - vintage union jack bunting'})
0.021076523994811934,"frozenset({'22699 - roses regency teacup and saucer', '22697 - green regency teacup and saucer', '22698 - pink regency teacup and saucer'})"
0.021076523994811934,"frozenset({'20728 - lunch bag cars blue', '22383 - lunch bag suki design'})"
0.021022481625594468,frozenset({'23263 - set of 3 wooden heart decorations'})
0.021022481625594468,"frozenset({'47566 - party bunting', '23298 - spotty bunting'})"
0.021022481625594468,"frozenset({'23206 - lunch bag apple design', '20725 - lunch bag red retrospot'})"
0.0208063121487246,frozenset({'23343 - jumbo bag vintage christmas'})
0.0208063121487246,frozenset({'21936 - red retrospot picnic bag'})
0.0208063121487246,frozenset({'82583 - hot baths metal sign'})
0.0208063121487246,frozenset({'23243 - set of tea coffee sugar tins pantry'})
0.020752269779507133,frozenset({'20718 - red retrospot shopper bag'})
0.020752269779507133,frozenset({'82600 - no singing metal sign'})
0.020698227410289666,frozenset({'82580 - bathroom metal sign'})
0.0206441850410722,frozenset({'22616 - pack of 12 london tissues'})
0.020590142671854734,frozenset({'21231 - sweetheart ceramic trinket box'})
0.0204820579334198,frozenset({'22487 - white wood garden plant ladder'})
0.0204820579334198,frozenset({'21481 - fawn blue hot water bottle'})
0.020428015564202335,frozenset({'15056N - edwardian parasol natural'})
0.020428015564202335,"frozenset({'22383 - lunch bag suki design', '22382 - lunch bag spaceboy design'})"
0.020428015564202335,frozenset({'21479 - white skull hot water bottle'})
0.020428015564202335,frozenset({'22750 - feltcraft princess lola doll'})
0.02021184608733247,frozenset({'82582 - area patrolled metal sign'})
0.02021184608733247,"frozenset({'22423 - regency cakestand 3 tier', '22697 - green regency teacup and saucer'})"
0.02021184608733247,frozenset({'21908 - chocolate this way metal sign'})
0.02021184608733247,frozenset({'23198 - pantry magnetic  shopping list'})
0.02021184608733247,frozenset({'22084 - paper chain kit empire'})
0.020157803718115003,frozenset({'82486 - wood s/3 cabinet ant white finish'})
0.02004971897968007,frozenset({'21172 - party metal sign'})
0.02004971897968007,frozenset({'21174 - pottering in the shed metal sign'})
0.02004971897968007,frozenset({'23439 - hand warmer red love heart'})
0.01988759187202767,frozenset({'22900 - set 2 tea towels i love london'})
0.019833549502810202,frozenset({'85150 - ladies & gentlemen metal sign'})
0.019833549502810202,"frozenset({'22384 - lunch bag pink polkadot', '22382 - lunch bag spaceboy design'})"
0.01972546476437527,frozenset({'20750 - red retrospot mini cases'})
0.01972546476437527,"frozenset({""23319 - box of 6 mini 50's crackers""})"
0.01972546476437527,frozenset({'21210 - set of 72 retrospot paper  doilies'})
0.01972546476437527,frozenset({'20749 - assorted colour mini cases'})
0.019671422395157803,frozenset({'22620 - 4 traditional spinning tops'})
0.019671422395157803,frozenset({'84692 - box of 24 cocktail parasols'})
0.01956333765672287,"frozenset({'20728 - lunch bag cars blue', '20726 - lunch bag woodland'})"
0.01956333765672287,"frozenset({'85099C - jumbo  bag baroque black white', '85099B - jumbo bag red retrospot'})"
0.019509295287505404,frozenset({'84596B - small dolly mix design orange bowl'})
0.019455252918287938,"frozenset({'22383 - lunch bag suki design', '23206 - lunch bag apple design'})"
0.01940121054907047,frozenset({'21165 - beware of the cat metal sign'})
0.01940121054907047,frozenset({'23313 - vintage christmas bunting'})
0.01940121054907047,frozenset({'23295 - set of 12 mini loaf baking cases'})
0.01940121054907047,frozenset({'47590B - pink happy birthday bunting'})
0.01940121054907047,frozenset({'22729 - alarm clock bakelike orange'})
0.019347168179853005,"frozenset({'22384 - lunch bag pink polkadot', '22383 - lunch bag suki design'})"
0.019239083441418073,"frozenset({'22382 - lunch bag spaceboy design', '22662 - lunch bag dolly girl design'})"
0.019239083441418073,frozenset({'48184 - doormat english rose'})
0.019185041072200607,frozenset({'47590A - blue happy birthday bunting'})
0.01913099870298314,frozenset({'23173 - regency teapot roses'})
0.01913099870298314,frozenset({'21985 - pack of 12 hearts design tissues'})
0.01913099870298314,frozenset({'21155 - red retrospot peg bag'})
0.01913099870298314,frozenset({'22951 - 60 cake cases dolly girl design'})
0.019022913964548204,frozenset({'21136 - painted metal pears assorted'})
0.018968871595330738,frozenset({'22413 - metal sign take it or leave it'})
0.018968871595330738,"frozenset({'23199 - jumbo bag apples', '85099B - jumbo bag red retrospot'})"
0.018968871595330738,frozenset({'21669 - blue stripe ceramic drawer knob'})
0.018968871595330738,frozenset({'23108 - set of 10 led dolly lights'})
0.018860786856895805,frozenset({'23493 - vintage doily travel sewing kit'})
0.01880674448767834,frozenset({'22507 - memo board retrospot  design'})
0.01880674448767834,frozenset({'22141 - christmas craft tree top angel'})
0.018752702118460873,"frozenset({'20727 - lunch bag  black skull.', '20726 - lunch bag woodland'})"
0.018698659749243406,"frozenset({""22748 - poppy's playhouse kitchen""})"
0.01864461738002594,"frozenset({'85099B - jumbo bag red retrospot', '23202 - jumbo bag vintage leaf'})"
0.018536532641591007,"frozenset({'22726 - alarm clock bakelike green', '22728 - alarm clock bakelike pink'})"
0.018536532641591007,frozenset({'22804 - candleholder pink hanging heart'})
0.018536532641591007,frozenset({'22661 - charlotte bag dolly girl design'})
0.01848249027237354,"frozenset({""21169 - you're confusing me metal sign""})"
0.01848249027237354,frozenset({'21314 - small glass heart trinket pot'})
0.018428447903156075,frozenset({'22632 - hand warmer red retrospot'})
0.018428447903156075,frozenset({'21770 - open closed metal sign'})
0.018428447903156075,frozenset({'22847 - bread bin diner style ivory'})
0.01837440553393861,frozenset({'21891 - traditional wooden skipping rope'})
0.018320363164721142,frozenset({'35970 - zinc folkart sleigh bells'})
0.018320363164721142,frozenset({'22619 - set of 6 soldier skittles'})
0.018266320795503676,frozenset({'22192 - blue diner wall clock'})
0.018266320795503676,frozenset({'22692 - doormat welcome to our home'})
0.01821227842628621,frozenset({'22173 - metal 4 hook hanger french chateau'})
0.018158236057068743,frozenset({'22560 - traditional modelling clay'})
0.018158236057068743,frozenset({'84970L - single heart zinc t-light holder'})
0.018158236057068743,frozenset({'21121 - set/10 red polkadot party candles'})
0.018104193687851277,"frozenset({'21212 - pack of 72 retrospot cake cases', '21977 - pack of 60 pink paisley cake cases'})"
0.018104193687851277,frozenset({'21498 - red retrospot wrap'})
0.018104193687851277,frozenset({'85049E - scandinavian reds ribbons'})
0.018050151318633807,frozenset({'22082 - ribbon reel stripes design'})
0.01799610894941634,frozenset({'21668 - red stripe ceramic drawer knob'})
0.017942066580198875,frozenset({'22983 - card billboard font'})
0.01788802421098141,frozenset({'22595 - gingham heart decoration'})
0.01788802421098141,"frozenset({'85099B - jumbo bag red retrospot', '21929 - jumbo bag pink vintage paisley'})"
0.017833981841763942,"frozenset({'21212 - pack of 72 retrospot cake cases', '84991 - 60 teatime fairy cake cases'})"
0.017779939472546476,frozenset({'23318 - box of 6 mini vintage crackers'})
0.017779939472546476,"frozenset({""21907 - i'm on holiday metal sign""})"
0.017779939472546476,frozenset({'22734 - set of 6 ribbons vintage christmas'})
0.01772589710332901,frozenset({'23170 - regency tea plate roses'})
0.017671854734111543,frozenset({'23503 - playing cards keep calm & carry on'})
0.017671854734111543,frozenset({'22988 - soldiers egg cup'})
0.017617812364894077,frozenset({'22776 - sweetheart cakestand 3 tier'})
0.017617812364894077,frozenset({'22424 - enamel bread bin cream'})
0.01756376999567661,frozenset({'22492 - mini paint set vintage'})
0.01756376999567661,frozenset({'21094 - set/6 red spotty paper plates'})
0.017509727626459144,frozenset({'22570 - feltcraft cushion rabbit'})
0.017509727626459144,frozenset({'22352 - lunch box with cutlery retrospot'})
0.017509727626459144,frozenset({'15036 - assorted colours silk fan'})
0.017455685257241678,frozenset({'23205 - charlotte bag vintage alphabet'})
0.017455685257241678,frozenset({'84997D - childrens cutlery polkadot pink'})
0.01740164288802421,frozenset({'22725 - alarm clock bakelike chocolate'})
0.01740164288802421,"frozenset({'22356 - charlotte bag pink polkadot', '20724 - red retrospot charlotte bag'})"
0.017347600518806745,frozenset({'22142 - christmas craft white fairy'})
0.017347600518806745,frozenset({'84029E - red woolly hottie white heart.'})
0.017347600518806745,frozenset({'22771 - clear drawer knob acrylic edwardian'})
0.01729355814958928,"frozenset({'20727 - lunch bag  black skull.', '23206 - lunch bag apple design'})"
0.017239515780371813,frozenset({'22759 - set of 3 notebooks in parcel'})
0.017239515780371813,frozenset({'22585 - pack of 6 birdy gift tags'})
0.017239515780371813,frozenset({'21430 - set/3 red gingham rose storage box'})
0.017239515780371813,frozenset({'84029G - knitted union flag hot water bottle'})
0.017239515780371813,frozenset({'23296 - set of 6 tea time baking cases'})
0.017239515780371813,"frozenset({'22578 - wooden star christmas scandinavian', '22577 - wooden heart christmas scandinavian'})"
0.017239515780371813,frozenset({'21932 - scandinavian paisley picnic bag'})
0.017185473411154346,frozenset({'22489 - pack of 12 traditional crayons'})
0.017185473411154346,"frozenset({'22384 - lunch bag pink polkadot', '20726 - lunch bag woodland'})"
0.01713143104193688,frozenset({'22663 - jumbo bag dolly girl design'})
0.01707738867271941,"frozenset({""22745 - poppy's playhouse bedroom""})"
0.01707738867271941,frozenset({'23256 - childrens cutlery spaceboy'})
0.017023346303501944,frozenset({'22429 - enamel measuring jug cream'})
0.016969303934284478,"frozenset({'22727 - alarm clock bakelike red', '22730 - alarm clock bakelike ivory'})"
0.01691526156506701,frozenset({'21137 - black record cover frame'})
0.01691526156506701,frozenset({'47566B - tea time party bunting'})
0.01691526156506701,frozenset({'22908 - pack of 20 napkins red apples'})
0.016861219195849545,frozenset({'23240 - set of 4 knick knack tins doily'})
0.016861219195849545,frozenset({'23192 - bundle of 3 alphabet exercise books'})
0.016861219195849545,"frozenset({'22423 - regency cakestand 3 tier', '22699 - roses regency teacup and saucer', '22697 - green regency teacup and saucer'})"
0.016861219195849545,"frozenset({'23199 - jumbo bag apples', '23200 - jumbo bag pears'})"
0.01680717682663208,"frozenset({'22138 - baking set 9 piece retrospot', '22617 - baking set spaceboy design'})"
0.01680717682663208,frozenset({'22989 - set 2 pantry design tea towels'})
0.01680717682663208,frozenset({'22219 - lovebird hanging decoration white'})
0.016753134457414613,frozenset({'21533 - retrospot large milk jug'})
0.016753134457414613,frozenset({'71459 - hanging jam jar t-light holder'})
0.016753134457414613,"frozenset({'22382 - lunch bag spaceboy design', '23206 - lunch bag apple design'})"
0.016753134457414613,frozenset({'21535 - red retrospot small milk jug'})
0.016753134457414613,"frozenset({""23320 - giant 50's christmas cracker""})"
0.016699092088197146,frozenset({'22488 - natural slate rectangle chalkboard'})
0.016699092088197146,"frozenset({'22423 - regency cakestand 3 tier', '22698 - pink regency teacup and saucer'})"
0.016699092088197146,"frozenset({'22662 - lunch bag dolly girl design', '20725 - lunch bag red retrospot'})"
0.01664504971897968,frozenset({'23077 - doughnut lip gloss'})
0.01664504971897968,"frozenset({'22960 - jam making set with jars', '22961 - jam making set printed'})"
0.01664504971897968,"frozenset({'82482 - wooden picture frame white finish', '85123A - white hanging heart t-light holder'})"
0.01664504971897968,"frozenset({'23207 - lunch bag alphabet design', '23206 - lunch bag apple design'})"
0.01664504971897968,"frozenset({'22384 - lunch bag pink polkadot', '20727 - lunch bag  black skull.', '20725 - lunch bag red retrospot'})"
0.016591007349762214,frozenset({'20975 - 12 pencils small tube red retrospot'})
0.016591007349762214,frozenset({'23103 - jingle bell heart decoration'})
0.016591007349762214,frozenset({'84988 - set of 72 pink heart paper doilies'})
0.016591007349762214,frozenset({'21672 - white spot red ceramic drawer knob'})
0.016591007349762214,"frozenset({'22383 - lunch bag suki design', '20726 - lunch bag woodland'})"
0.016536964980544747,frozenset({'84945 - multi colour silver t-light holder'})
0.01648292261132728,frozenset({'23308 - set of 60 vintage leaf cake cases'})
0.01648292261132728,frozenset({'84347 - rotating silver angels t-light hldr'})
0.016428880242109815,frozenset({'21122 - set/10 pink polkadot party candles'})
0.016428880242109815,frozenset({'22171 - 3 hook photo shelf antique white'})
0.016428880242109815,frozenset({'22979 - pantry washing up brush'})
0.016428880242109815,"frozenset({'23208 - lunch bag vintage leaf design', '23206 - lunch bag apple design'})"
0.016428880242109815,frozenset({'22627 - mint kitchen scales'})
0.01637483787289235,frozenset({'85014B - red retrospot umbrella'})
0.01637483787289235,frozenset({'22694 - wicker star'})
0.01637483787289235,frozenset({'22607 - wooden rounders garden set'})
0.01637483787289235,frozenset({'22456 - natural slate chalkboard large'})
0.016320795503674882,frozenset({'82581 - toilet metal sign'})
0.016320795503674882,frozenset({'22940 - feltcraft christmas fairy'})
0.016320795503674882,frozenset({'23581 - jumbo bag paisley park'})
0.016104626026805013,frozenset({'20676 - red retrospot bowl'})
0.016104626026805013,"frozenset({'22722 - set of 6 spice tins pantry design', '22720 - set of 3 cake tins pantry design'})"
0.016104626026805013,frozenset({'23583 - lunch bag paisley park'})
0.016104626026805013,"frozenset({'20726 - lunch bag woodland', '23206 - lunch bag apple design'})"
0.016104626026805013,"frozenset({'22355 - charlotte bag suki design', '20724 - red retrospot charlotte bag'})"
0.016050583657587547,frozenset({'22752 - set 7 babushka nesting boxes'})
0.01599654128837008,frozenset({'22499 - wooden union jack bunting'})
0.01599654128837008,frozenset({'22964 - 3 piece spaceboy cookie cutter set'})
0.01599654128837008,"frozenset({'20724 - red retrospot charlotte bag', '20723 - strawberry charlotte bag'})"
0.01599654128837008,"frozenset({'23199 - jumbo bag apples', '23206 - lunch bag apple design'})"
0.01599654128837008,"frozenset({'23201 - jumbo bag alphabet', '85099B - jumbo bag red retrospot'})"
0.015942498919152615,frozenset({'21892 - traditional wooden catch cup game'})
0.015888456549935148,frozenset({'23309 - set of 60 i love london cake cases'})
0.015888456549935148,frozenset({'22569 - feltcraft cushion butterfly'})
0.015834414180717682,"frozenset({'85099F - jumbo bag strawberry', '22386 - jumbo bag pink polkadot'})"
0.015834414180717682,frozenset({'22273 - feltcraft doll molly'})
0.015834414180717682,frozenset({'21877 - home sweet home mug'})
0.015780371811500216,frozenset({'21156 - retrospot childrens apron'})
0.015780371811500216,frozenset({'22844 - vintage cream dog food container'})
0.015780371811500216,"frozenset({'22554 - plasters in tin woodland animals', '22551 - plasters in tin spaceboy'})"
0.015780371811500216,frozenset({'82552 - washroom metal sign'})
0.015780371811500216,frozenset({'22996 - travel card wallet vintage ticket'})
0.01572632944228275,"frozenset({'85099B - jumbo bag red retrospot', '23203 - jumbo bag vintage doily'})"
0.01572632944228275,frozenset({'20974 - 12 pencils small tube skull'})
0.01572632944228275,frozenset({'23294 - set of 6 snack loaf baking cases'})
0.01572632944228275,frozenset({'15056BL - edwardian parasol black'})
0.015672287073065283,"frozenset({'22470 - heart of wicker large', '85123A - white hanging heart t-light holder'})"
0.015672287073065283,"frozenset({'22384 - lunch bag pink polkadot', '23206 - lunch bag apple design'})"
0.015672287073065283,"frozenset({'20728 - lunch bag cars blue', '23206 - lunch bag apple design'})"
0.015618244703847817,frozenset({'22381 - toy tidy pink polkadot'})
0.015618244703847817,frozenset({'22151 - place setting white heart'})
0.015618244703847817,frozenset({'21670 - blue spot ceramic drawer knob'})
0.015618244703847817,"frozenset({'20719 - woodland charlotte bag', '20724 - red retrospot charlotte bag'})"
0.01556420233463035,frozenset({'22834 - hand warmer babushka design'})
0.01556420233463035,frozenset({'84596F - small marshmallows pink bowl'})
0.01556420233463035,"frozenset({'22835 - hot water bottle i am so poorly', '22112 - chocolate hot water bottle'})"
0.015510159965412884,frozenset({'22795 - sweetheart recipe book stand'})
0.015456117596195418,frozenset({'22169 - family album white picture frame'})
0.015456117596195418,frozenset({'22851 - set 20 napkins fairy cakes design'})
0.015402075226977952,frozenset({'22992 - revolver wooden ruler'})
0.015402075226977952,frozenset({'21086 - set/6 red spotty paper cups'})
0.015348032857760483,frozenset({'23241 - treasure tin gymkhana design'})
0.015348032857760483,"frozenset({'23199 - jumbo bag apples', '23202 - jumbo bag vintage leaf'})"
0.015293990488543017,frozenset({'21933 - pink vintage paisley picnic bag'})
0.01523994811932555,frozenset({'21484 - chick grey hot water bottle'})
0.01523994811932555,frozenset({'21918 - set 12 kids colour  chalk sticks'})
0.015185905750108085,"frozenset({'21931 - jumbo storage bag suki', '22386 - jumbo bag pink polkadot'})"
0.015185905750108085,"frozenset({'22865 - hand warmer owl design', '22866 - hand warmer scotty dog design'})"
0.015185905750108085,frozenset({'23311 - vintage christmas stocking'})
0.015185905750108085,frozenset({'23328 - set 6 school milk bottles in crate'})
0.015185905750108085,"frozenset({'23321 - small white heart of wicker', '23322 - large white heart of wicker'})"
0.015131863380890618,"frozenset({'84991 - 60 teatime fairy cake cases', '21977 - pack of 60 pink paisley cake cases'})"
0.015131863380890618,frozenset({'21888 - bingo set'})
0.015077821011673152,"frozenset({'47566 - party bunting', '85123A - white hanging heart t-light holder'})"
0.015077821011673152,frozenset({'21671 - red spot ceramic drawer knob'})
0.015077821011673152,frozenset({'22646 - ceramic strawberry cake money bank'})
0.015077821011673152,"frozenset({'22384 - lunch bag pink polkadot', '20728 - lunch bag cars blue', '20725 - lunch bag red retrospot'})"
0.015023778642455686,frozenset({'84947 - antique silver tea glass engraved'})
0.01496973627323822,"frozenset({'22384 - lunch bag pink polkadot', '85099B - jumbo bag red retrospot'})"
0.01496973627323822,frozenset({'84030E - english rose hot water bottle'})
0.01496973627323822,frozenset({'22464 - hanging metal heart lantern'})
0.01496973627323822,frozenset({'21238 - red retrospot cup'})
0.01496973627323822,frozenset({'22898 - childrens apron apples design'})
0.01496973627323822,frozenset({'21326 - aged glass silver t-light holder'})
0.01496973627323822,"frozenset({'23201 - jumbo bag alphabet', '23199 - jumbo bag apples'})"
0.014915693904020753,frozenset({'21673 - white spot blue ceramic drawer knob'})
0.014915693904020753,"frozenset({'85099B - jumbo bag red retrospot', '20724 - red retrospot charlotte bag'})"
0.014915693904020753,frozenset({'21976 - pack of 60 mushroom cake cases'})
0.014915693904020753,frozenset({'22579 - wooden tree christmas scandinavian'})
0.014915693904020753,frozenset({'20973 - 12 pencil small tube woodland'})
0.014915693904020753,frozenset({'22970 - london bus coffee mug'})
0.014861651534803285,"frozenset({'21175 - gin + tonic diet metal sign', '21166 - cook with wine metal sign'})"
0.014861651534803285,frozenset({'22431 - watering can blue elephant'})
0.014861651534803285,"frozenset({'22726 - alarm clock bakelike green', '22730 - alarm clock bakelike ivory'})"
0.014861651534803285,"frozenset({'21755 - love building block word', '21754 - home building block word'})"
0.014807609165585819,frozenset({'23266 - set of 3 wooden stocking decoration'})
0.014699524427150886,"frozenset({'85099B - jumbo bag red retrospot', '20727 - lunch bag  black skull.'})"
0.014699524427150886,frozenset({'23175 - regency milk jug pink'})
0.014699524427150886,"frozenset({'21915 - red  harmonica in box', '21914 - blue harmonica in box'})"
0.01464548205793342,"frozenset({'22423 - regency cakestand 3 tier', '22698 - pink regency teacup and saucer', '22697 - green regency teacup and saucer'})"
0.01464548205793342,"frozenset({'84879 - assorted colour bird ornament', '85123A - white hanging heart t-light holder'})"
0.01464548205793342,"frozenset({""23247 - biscuit tin 50's christmas""})"
0.01464548205793342,"frozenset({""23351 - roll wrap 50's christmas""})"
0.014591439688715954,frozenset({'22296 - heart ivory trellis large'})
0.014591439688715954,frozenset({'21871 - save the planet mug'})
0.014591439688715954,frozenset({'23323 - white wicker star'})
0.014591439688715954,frozenset({'23275 - set of 3 hanging owls ollie beak'})
0.014591439688715954,frozenset({'23171 - regency tea plate green'})
0.014591439688715954,frozenset({'20679 - edwardian parasol red'})
0.014483354950281021,frozenset({'23254 - childrens cutlery dolly girl'})
0.014483354950281021,frozenset({'23174 - regency sugar bowl green'})
0.014483354950281021,"frozenset({'21928 - jumbo bag scandinavian blue paisley', '85099B - jumbo bag red retrospot'})"
0.014483354950281021,frozenset({'21912 - vintage snakes & ladders'})
0.014483354950281021,"frozenset({'22469 - heart of wicker small', '85123A - white hanging heart t-light holder'})"
0.014429312581063555,"frozenset({'22385 - jumbo bag spaceboy design', '85099B - jumbo bag red retrospot'})"
0.014429312581063555,frozenset({'23332 - ivory wicker heart large'})
0.014429312581063555,frozenset({'22333 - retrospot party bag + sticker set'})
0.014429312581063555,"frozenset({'22726 - alarm clock bakelike green', '22727 - alarm clock bakelike red', '22728 - alarm clock bakelike pink'})"
0.014429312581063555,"frozenset({'22865 - hand warmer owl design', '22867 - hand warmer bird design'})"
0.014429312581063555,"frozenset({'21212 - pack of 72 retrospot cake cases', '21975 - pack of 60 dinosaur cake cases'})"
0.014375270211846087,frozenset({'85049A - traditional christmas ribbons'})
0.01432122784262862,"frozenset({'22457 - natural slate heart chalkboard', '85123A - white hanging heart t-light holder'})"
0.01432122784262862,"frozenset({'21166 - cook with wine metal sign', '21181 - please one person metal sign'})"
0.01432122784262862,"frozenset({'22699 - roses regency teacup and saucer', '22423 - regency cakestand 3 tier', '22698 - pink regency teacup and saucer'})"
0.01432122784262862,"frozenset({'21900 - key fob , shed'})"
0.01432122784262862,"frozenset({'22625 - red kitchen scales', '22624 - ivory kitchen scales'})"
0.01432122784262862,frozenset({'21558 - skull lunch box with cutlery'})
0.01432122784262862,"frozenset({'22666 - recipe box pantry yellow design', '22720 - set of 3 cake tins pantry design'})"
0.014267185473411154,"frozenset({'22662 - lunch bag dolly girl design', '20727 - lunch bag  black skull.'})"
0.014213143104193688,frozenset({'23082 - set 6 paper table lantern hearts'})
0.014213143104193688,"frozenset({'23208 - lunch bag vintage leaf design', '20725 - lunch bag red retrospot'})"
0.014159100734976221,"frozenset({'22326 - round snack boxes set of4 woodland', '22328 - round snack boxes set of 4 fruits'})"
0.014159100734976221,"frozenset({'85099B - jumbo bag red retrospot', '20712 - jumbo bag woodland animals'})"
0.014159100734976221,frozenset({'22505 - memo board cottage design'})
0.014159100734976221,"frozenset({'21166 - cook with wine metal sign', '85152 - hand over the chocolate   sign'})"
0.014159100734976221,frozenset({'22637 - piggy bank retrospot'})
0.014159100734976221,frozenset({'21154 - red retrospot oven glove'})
0.014159100734976221,"frozenset({'23201 - jumbo bag alphabet', '23202 - jumbo bag vintage leaf'})"
0.014159100734976221,"frozenset({'20728 - lunch bag cars blue', '20727 - lunch bag  black skull.', '20725 - lunch bag red retrospot'})"
0.014159100734976221,frozenset({'22027 - tea party birthday card'})
0.014105058365758755,"frozenset({""23354 - 6 gift tags 50's christmas""})"
0.014105058365758755,frozenset({'22158 - 3 hearts hanging decoration rustic'})
0.014105058365758755,frozenset({'22690 - doormat home sweet home blue'})
0.014051015996541289,frozenset({'22791 - t-light glass fluted antique'})
0.014051015996541289,"frozenset({'22114 - hot water bottle tea and sympathy', '22112 - chocolate hot water bottle'})"
0.014051015996541289,"frozenset({'22384 - lunch bag pink polkadot', '20728 - lunch bag cars blue', '20727 - lunch bag  black skull.'})"
0.014051015996541289,frozenset({'21340 - classic metal birdcage plant holder'})
0.013996973627323822,"frozenset({""22899 - children's apron dolly girl""})"
0.013996973627323822,frozenset({'22784 - lantern cream gazebo'})
0.013996973627323822,frozenset({'21982 - pack of 12 suki tissues'})
0.013942931258106356,"frozenset({'23207 - lunch bag alphabet design', '20725 - lunch bag red retrospot'})"
0.013942931258106356,"frozenset({'22382 - lunch bag spaceboy design', '20726 - lunch bag woodland', '20725 - lunch bag red retrospot'})"
0.013888888888888888,"frozenset({'22382 - lunch bag spaceboy design', '20727 - lunch bag  black skull.', '20725 - lunch bag red retrospot'})"
0.013888888888888888,"frozenset({'23207 - lunch bag alphabet design', '22383 - lunch bag suki design'})"
0.013888888888888888,frozenset({'22501 - picnic basket wicker large'})
0.013888888888888888,frozenset({'22087 - paper bunting white lace'})
0.013888888888888888,frozenset({'22037 - robot birthday card'})
0.013888888888888888,frozenset({'21217 - red retrospot round cake tins'})
0.013888888888888888,frozenset({'20969 - red floral feltcraft shoulder bag'})
0.013834846519671422,"frozenset({'20728 - lunch bag cars blue', '85099B - jumbo bag red retrospot'})"
0.013834846519671422,frozenset({'22631 - circus parade lunch box'})
0.013834846519671422,frozenset({'22271 - feltcraft doll rosie'})
0.013834846519671422,frozenset({'85014A - black/blue polkadot umbrella'})
0.013834846519671422,"frozenset({'22556 - plasters in tin circus parade', '22554 - plasters in tin woodland animals'})"
0.013780804150453956,"frozenset({'84879 - assorted colour bird ornament', '21136 - painted metal pears assorted'})"
0.013780804150453956,"frozenset({'22383 - lunch bag suki design', '22662 - lunch bag dolly girl design'})"
0.013780804150453956,frozenset({'23126 - feltcraft girl amelie kit'})
0.013780804150453956,"frozenset({'82494L - wooden frame antique white', '85123A - white hanging heart t-light holder'})"
0.013780804150453956,"frozenset({'22411 - jumbo shopper vintage red paisley', '21929 - jumbo bag pink vintage paisley'})"
0.01372676178123649,frozenset({'23182 - toilet sign occupied or vacant'})
0.01372676178123649,"frozenset({""22745 - poppy's playhouse bedroom"", ""22748 - poppy's playhouse kitchen""})"
0.01372676178123649,frozenset({'22348 - tea bag plate red retrospot'})
0.01372676178123649,"frozenset({'47590A - blue happy birthday bunting', '47590B - pink happy birthday bunting'})"
0.013672719412019023,"frozenset({'21929 - jumbo bag pink vintage paisley', '22386 - jumbo bag pink polkadot'})"
0.013672719412019023,frozenset({'22941 - christmas lights 10 reindeer'})
0.013672719412019023,frozenset({'23353 - 6 gift tags vintage christmas'})
0.013672719412019023,"frozenset({'22804 - candleholder pink hanging heart', '85123A - white hanging heart t-light holder'})"
0.013672719412019023,frozenset({'22212 - four hook  white lovebirds'})
0.013672719412019023,"frozenset({'22662 - lunch bag dolly girl design', '20726 - lunch bag woodland'})"
0.013672719412019023,frozenset({'M - manual'})
0.013672719412019023,"frozenset({'22411 - jumbo shopper vintage red paisley', '21931 - jumbo storage bag suki'})"
0.013672719412019023,frozenset({'82551 - laundry 15c metal sign'})
0.013618677042801557,"frozenset({'22383 - lunch bag suki design', '20727 - lunch bag  black skull.', '20725 - lunch bag red retrospot'})"
0.013618677042801557,"frozenset({'22384 - lunch bag pink polkadot', '22383 - lunch bag suki design', '20725 - lunch bag red retrospot'})"
0.013618677042801557,"frozenset({""22746 - poppy's playhouse livingroom""})"
0.013618677042801557,frozenset({'48188 - doormat welcome puppies'})
0.013618677042801557,"frozenset({'22383 - lunch bag suki design', '23208 - lunch bag vintage leaf design'})"
0.013618677042801557,frozenset({'22563 - happy stencil craft'})
0.01356463467358409,"frozenset({'85099B - jumbo bag red retrospot', '85123A - white hanging heart t-light holder'})"
0.01356463467358409,"frozenset({'22384 - lunch bag pink polkadot', '22382 - lunch bag spaceboy design', '20725 - lunch bag red retrospot'})"
0.01356463467358409,frozenset({'22751 - feltcraft princess olivia doll'})
0.013510592304366624,frozenset({'84949 - silver hanging t-light holder'})
0.013510592304366624,"frozenset({'85099C - jumbo  bag baroque black white', '22386 - jumbo bag pink polkadot'})"
0.013510592304366624,"frozenset({'22423 - regency cakestand 3 tier', '23245 - set of 3 regency cake tins'})"
0.013510592304366624,frozenset({'22840 - round cake tin vintage red'})
0.013510592304366624,frozenset({'21980 - pack of 12 red retrospot tissues'})
0.013510592304366624,"frozenset({'21790 - vintage snap cards', '21791 - vintage heads and tails card game'})"
0.013510592304366624,"frozenset({'21506 - fancy font birthday card,'})"
0.013510592304366624,frozenset({'23147 - single antique rose hook ivory'})
0.013456549935149158,frozenset({'72741 - grand chocolatecandle'})
0.013456549935149158,frozenset({'22846 - bread bin diner style red'})
0.013456549935149158,"frozenset({'21175 - gin + tonic diet metal sign', '85152 - hand over the chocolate   sign'})"
0.013456549935149158,frozenset({'23264 - set of 3 wooden sleigh decorations'})
0.01340250756593169,"frozenset({'21212 - pack of 72 retrospot cake cases', '21213 - pack of 72 skull cake cases'})"
0.01340250756593169,frozenset({'21916 - set 12 retro white chalk sticks'})
0.01340250756593169,frozenset({'23169 - classic glass cookie jar'})
0.01340250756593169,"frozenset({'21930 - jumbo storage bag skulls', '85099B - jumbo bag red retrospot'})"
0.01340250756593169,frozenset({'16161P - wrap english rose'})
0.01340250756593169,frozenset({'23076 - ice cream sundae lip gloss'})
0.013348465196714223,frozenset({'22196 - small heart measuring spoons'})
0.013348465196714223,frozenset({'22371 - airline bag vintage tokyo 78'})
0.013294422827496757,frozenset({'23265 - set of 3 wooden tree decorations'})
0.013294422827496757,frozenset({'23350 - roll wrap vintage spot'})
0.013294422827496757,"frozenset({'23293 - set of 12 fairy cake baking cases', '23295 - set of 12 mini loaf baking cases'})"
0.013294422827496757,frozenset({'22721 - set of 3 cake tins sketchbook'})
0.013294422827496757,frozenset({'22294 - heart filigree dove  small'})
0.013294422827496757,frozenset({'22962 - jam jar with pink lid'})
0.013294422827496757,"frozenset({'23355 - hot water bottle keep calm', '22112 - chocolate hot water bottle'})"
0.013294422827496757,"frozenset({'22727 - alarm clock bakelike red', '22729 - alarm clock bakelike orange'})"
0.013294422827496757,frozenset({'23349 - roll wrap vintage christmas'})
0.013294422827496757,frozenset({'21164 - home sweet home metal sign'})
0.01324038045827929,"frozenset({'22556 - plasters in tin circus parade', '22551 - plasters in tin spaceboy'})"
0.01324038045827929,frozenset({'20711 - jumbo bag toys'})
0.01324038045827929,"frozenset({'20728 - lunch bag cars blue', '22662 - lunch bag dolly girl design'})"
0.01324038045827929,"frozenset({'23207 - lunch bag alphabet design', '22382 - lunch bag spaceboy design'})"
0.01324038045827929,"frozenset({'22384 - lunch bag pink polkadot', '22386 - jumbo bag pink polkadot'})"
0.01324038045827929,"frozenset({'23343 - jumbo bag vintage christmas', ""23344 - jumbo bag 50's christmas""})"
0.013186338089061824,frozenset({'20992 - jazz hearts purse notebook'})
0.013186338089061824,"frozenset({'23209 - lunch bag vintage doily', '20725 - lunch bag red retrospot'})"
0.013186338089061824,"frozenset({'23207 - lunch bag alphabet design', '23208 - lunch bag vintage leaf design'})"
0.013186338089061824,frozenset({'22549 - picture dominoes'})
0.013186338089061824,"frozenset({'23207 - lunch bag alphabet design', '20727 - lunch bag  black skull.'})"
0.013186338089061824,"frozenset({'22411 - jumbo shopper vintage red paisley', '22386 - jumbo bag pink polkadot'})"
0.013132295719844358,"frozenset({'84380 - set of 3 butterfly cookie cutters', '84378 - set of 3 heart cookie cutters'})"
0.013132295719844358,frozenset({'21703 - bag 125g swirly marbles'})
0.013132295719844358,"frozenset({'23208 - lunch bag vintage leaf design', '20727 - lunch bag  black skull.'})"
0.013078253350626892,"frozenset({'20719 - woodland charlotte bag', '22355 - charlotte bag suki design'})"
0.013078253350626892,frozenset({'22418 - 10 colour spaceboy pen'})
0.013078253350626892,frozenset({'22030 - swallows greeting card'})
0.013078253350626892,frozenset({'21756 - bath building block word'})
0.013078253350626892,frozenset({'22980 - pantry scrubbing brush'})
0.013078253350626892,"frozenset({'22720 - set of 3 cake tins pantry design', '22960 - jam making set with jars'})"
0.013024210981409426,frozenset({'47559B - tea time oven glove'})
0.013024210981409426,"frozenset({'21216 - set 3 retrospot tea,coffee,sugar'})"
0.013024210981409426,"frozenset({'21928 - jumbo bag scandinavian blue paisley', '21929 - jumbo bag pink vintage paisley'})"
0.013024210981409426,"frozenset({'85099C - jumbo  bag baroque black white', '21931 - jumbo storage bag suki'})"
0.013024210981409426,frozenset({'84406B - cream cupid hearts coat hanger'})
0.013024210981409426,frozenset({'48185 - doormat fairy cake'})
0.01297016861219196,frozenset({'23191 - bundle of 3 retro note books'})
0.01297016861219196,"frozenset({'22867 - hand warmer bird design', '22866 - hand warmer scotty dog design'})"
0.01297016861219196,"frozenset({'20724 - red retrospot charlotte bag', '20725 - lunch bag red retrospot'})"
0.01297016861219196,frozenset({'84987 - set of 36 teatime paper doilies'})
0.01297016861219196,frozenset({'22605 - wooden croquet garden set'})
0.01297016861219196,"frozenset({'23200 - jumbo bag pears', '23202 - jumbo bag vintage leaf'})"
0.01297016861219196,"frozenset({'22111 - scottie dog hot water bottle', '22112 - chocolate hot water bottle'})"
0.012916126242974491,frozenset({'22693 - grow a flytrap or sunflower in tin'})
0.012916126242974491,frozenset({'20754 - retrospot red washing up gloves'})
0.012916126242974491,"frozenset({'22699 - roses regency teacup and saucer', '22423 - regency cakestand 3 tier', '22698 - pink regency teacup and saucer', '22697 - green regency teacup and saucer'})"
0.012862083873757025,"frozenset({'22326 - round snack boxes set of4 woodland', 'POST - postage'})"
0.012862083873757025,frozenset({'22895 - set of 2 tea towels apple and pears'})
0.012862083873757025,"frozenset({'20725 - lunch bag red retrospot', '21931 - jumbo storage bag suki'})"
0.012862083873757025,"frozenset({'20725 - lunch bag red retrospot', '22386 - jumbo bag pink polkadot'})"
0.012862083873757025,"frozenset({'22749 - feltcraft princess charlotte doll', '22750 - feltcraft princess lola doll'})"
0.012862083873757025,frozenset({'71053 - white metal lantern'})
0.012808041504539559,"frozenset({'20728 - lunch bag cars blue', '22383 - lunch bag suki design', '20725 - lunch bag red retrospot'})"
0.012808041504539559,frozenset({'21259 - victorian sewing box small'})
0.012808041504539559,"frozenset({'22384 - lunch bag pink polkadot', '20726 - lunch bag woodland', '20725 - lunch bag red retrospot'})"
0.012808041504539559,frozenset({'23144 - zinc t-light holder stars small'})
0.012808041504539559,"frozenset({'22411 - jumbo shopper vintage red paisley', '85099C - jumbo  bag baroque black white'})"
0.012753999135322092,"frozenset({'21175 - gin + tonic diet metal sign', '21181 - please one person metal sign'})"
0.012753999135322092,"frozenset({'21086 - set/6 red spotty paper cups', '21094 - set/6 red spotty paper plates'})"
0.012753999135322092,frozenset({'22508 - doorstop retrospot heart'})
0.012699956766104626,"frozenset({'20728 - lunch bag cars blue', '22382 - lunch bag spaceboy design', '20725 - lunch bag red retrospot'})"
0.012699956766104626,"frozenset({'22384 - lunch bag pink polkadot', '22662 - lunch bag dolly girl design'})"
0.012699956766104626,frozenset({'22723 - set of 6 herb tins sketchbook'})
0.012699956766104626,frozenset({'22845 - vintage cream cat food container'})
0.012699956766104626,"frozenset({'20972 - pink cream felt craft trinket box', '20971 - pink blue felt craft trinket box'})"
0.012699956766104626,"frozenset({'85152 - hand over the chocolate   sign', '21181 - please one person metal sign'})"
0.01264591439688716,frozenset({'22991 - giraffe wooden ruler'})
0.01264591439688716,"frozenset({'22728 - alarm clock bakelike pink', '22730 - alarm clock bakelike ivory'})"
0.01264591439688716,"frozenset({'22423 - regency cakestand 3 tier', '85123A - white hanging heart t-light holder'})"
0.01264591439688716,"frozenset({'21901 - key fob , back door'})"
0.01264591439688716,frozenset({'22904 - calendar paper cut design'})
0.01264591439688716,frozenset({'23582 - vintage doily jumbo bag red'})
0.01264591439688716,"frozenset({'22355 - charlotte bag suki design', '20723 - strawberry charlotte bag'})"
0.01264591439688716,frozenset({'22432 - watering can pink bunny'})
0.01264591439688716,"frozenset({'20728 - lunch bag cars blue', '23207 - lunch bag alphabet design'})"
0.01264591439688716,frozenset({'22596 - christmas star wish list chalkboard'})
0.01264591439688716,frozenset({'20983 - 12 pencils tall tube red retrospot'})
0.012591872027669693,frozenset({'23238 - set of 4 knick knack tins london'})
0.012591872027669693,"frozenset({'22383 - lunch bag suki design', '85099B - jumbo bag red retrospot'})"
0.012591872027669693,frozenset({'22645 - ceramic heart fairy cake money bank'})
0.012591872027669693,frozenset({'22971 - queens guard coffee mug'})
0.012591872027669693,frozenset({'22768 - family photo frame cornice'})
0.012591872027669693,frozenset({'85053 - french enamel candleholder'})
0.012537829658452227,"frozenset({'85099B - jumbo bag red retrospot', '85099F - jumbo bag strawberry', '22386 - jumbo bag pink polkadot'})"
0.012537829658452227,frozenset({'22502 - picnic basket wicker small'})
0.012537829658452227,frozenset({'23230 - wrap alphabet design'})
0.012537829658452227,"frozenset({'22138 - baking set 9 piece retrospot', '22139 - retrospot tea set ceramic 11 pc'})"
0.012537829658452227,frozenset({'21868 - potting shed tea mug'})
0.012537829658452227,frozenset({'21380 - wooden happy birthday garland'})
0.012537829658452227,frozenset({'23234 - biscuit tin vintage christmas'})
0.01248378728923476,"frozenset({'23201 - jumbo bag alphabet', '23207 - lunch bag alphabet design'})"
0.01248378728923476,frozenset({'23570 - traditional pick up sticks game'})
0.01248378728923476,frozenset({'23367 - set 12 colour pencils spaceboy'})
0.01248378728923476,"frozenset({'84879 - assorted colour bird ornament', '22423 - regency cakestand 3 tier'})"
0.01248378728923476,frozenset({'22622 - box of vintage alphabet blocks'})
0.01248378728923476,frozenset({'22665 - recipe box blue sketchbook design'})
0.01248378728923476,frozenset({'22274 - feltcraft doll emily'})
0.01248378728923476,frozenset({'20717 - strawberry shopper bag'})
0.012429744920017293,frozenset({'21497 - fancy fonts birthday wrap'})
0.012429744920017293,frozenset({'23148 - miniature antique rose hook ivory'})
0.012429744920017293,"frozenset({'20727 - lunch bag  black skull.', '20726 - lunch bag woodland', '20725 - lunch bag red retrospot'})"
0.012429744920017293,frozenset({'20970 - pink floral feltcraft shoulder bag'})
0.012429744920017293,frozenset({'20979 - 36 pencils tube red retrospot'})
0.012429744920017293,"frozenset({'20728 - lunch bag cars blue', '20726 - lunch bag woodland', '20725 - lunch bag red retrospot'})"
0.012375702550799826,"frozenset({'23171 - regency tea plate green', '23170 - regency tea plate roses'})"
0.012375702550799826,frozenset({'22303 - coffee mug apples design'})
0.012375702550799826,frozenset({'21974 - set of 36 paisley flower doilies'})
0.012375702550799826,"frozenset({'47566 - party bunting', '22423 - regency cakestand 3 tier'})"
0.012375702550799826,frozenset({'84997B - childrens cutlery retrospot red'})
0.012375702550799826,"frozenset({'22382 - lunch bag spaceboy design', '22383 - lunch bag suki design', '20725 - lunch bag red retrospot'})"
0.012375702550799826,"frozenset({'21094 - set/6 red spotty paper plates', '21080 - set/20 red retrospot paper napkins'})"
0.01232166018158236,frozenset({'22398 - magnets pack of 4 swallows'})
0.01232166018158236,"frozenset({'22114 - hot water bottle tea and sympathy', '23355 - hot water bottle keep calm'})"
0.012267617812364894,frozenset({'85049G - chocolate box ribbons'})
0.012267617812364894,"frozenset({'23209 - lunch bag vintage doily', '23203 - jumbo bag vintage doily'})"
0.012267617812364894,frozenset({'21124 - set/10 blue polkadot party candles'})
0.012267617812364894,"frozenset({'22355 - charlotte bag suki design', '22356 - charlotte bag pink polkadot'})"
0.012213575443147428,"frozenset({'22725 - alarm clock bakelike chocolate', '22727 - alarm clock bakelike red'})"
0.012213575443147428,"frozenset({'21212 - pack of 72 retrospot cake cases', '84992 - 72 sweetheart fairy cake cases'})"
0.012213575443147428,"frozenset({'22579 - wooden tree christmas scandinavian', '22578 - wooden star christmas scandinavian'})"
0.012213575443147428,"frozenset({'23202 - jumbo bag vintage leaf', '23203 - jumbo bag vintage doily'})"
0.012213575443147428,"frozenset({'85123A - white hanging heart t-light holder', '20725 - lunch bag red retrospot'})"
0.012159533073929961,"frozenset({'22384 - lunch bag pink polkadot', '22382 - lunch bag spaceboy design', '20727 - lunch bag  black skull.'})"
0.012159533073929961,frozenset({'22170 - picture frame wood triple portrait'})
0.012159533073929961,"frozenset({'22382 - lunch bag spaceboy design', '23208 - lunch bag vintage leaf design'})"
0.012159533073929961,"frozenset({'82580 - bathroom metal sign', '82581 - toilet metal sign'})"
0.012159533073929961,"frozenset({'84596B - small dolly mix design orange bowl', '84596F - small marshmallows pink bowl'})"
0.012159533073929961,"frozenset({'22384 - lunch bag pink polkadot', '23207 - lunch bag alphabet design'})"
0.012159533073929961,frozenset({'22079 - ribbon reel hearts design'})
0.012159533073929961,frozenset({'23118 - parisienne jewellery drawer'})
0.012105490704712495,frozenset({'23172 - regency tea plate pink'})
0.012051448335495029,frozenset({'20675 - blue polkadot bowl'})
0.012051448335495029,"frozenset({'20728 - lunch bag cars blue', '22383 - lunch bag suki design', '20727 - lunch bag  black skull.'})"
0.012051448335495029,"frozenset({'20728 - lunch bag cars blue', '22382 - lunch bag spaceboy design', '20727 - lunch bag  black skull.'})"
0.012051448335495029,"frozenset({'23199 - jumbo bag apples', '22386 - jumbo bag pink polkadot'})"
0.012051448335495029,"frozenset({'84991 - 60 teatime fairy cake cases', '21975 - pack of 60 dinosaur cake cases'})"
0.011997405966277562,"frozenset({'22383 - lunch bag suki design', '21931 - jumbo storage bag suki'})"
0.011997405966277562,"frozenset({'22384 - lunch bag pink polkadot', '22383 - lunch bag suki design', '20727 - lunch bag  black skull.'})"
0.011997405966277562,"frozenset({'85099B - jumbo bag red retrospot', '23206 - lunch bag apple design'})"
0.011997405966277562,frozenset({'22654 - deluxe sewing kit'})
0.011997405966277562,"frozenset({'84991 - 60 teatime fairy cake cases', '84992 - 72 sweetheart fairy cake cases'})"
0.011997405966277562,"frozenset({'22383 - lunch bag suki design', '20726 - lunch bag woodland', '20725 - lunch bag red retrospot'})"
0.011997405966277562,frozenset({'21242 - red retrospot plate'})
0.011997405966277562,"frozenset({'22384 - lunch bag pink polkadot', '22382 - lunch bag spaceboy design', '20728 - lunch bag cars blue'})"
0.011943363597060094,frozenset({'84536A - english rose notebook a7 size'})
0.011943363597060094,frozenset({'23080 - red metal box top secret'})
0.011943363597060094,"frozenset({'21485 - retrospot heart hot water bottle', '22111 - scottie dog hot water bottle'})"
0.011943363597060094,frozenset({'23052 - recycled acapulco mat turquoise'})
0.011943363597060094,frozenset({'22297 - heart ivory trellis small'})
0.011943363597060094,frozenset({'71477 - colour glass. star t-light holder'})
0.011889321227842628,frozenset({'82578 - kitchen metal sign'})
0.011889321227842628,"frozenset({'22726 - alarm clock bakelike green', '22729 - alarm clock bakelike orange'})"
0.011889321227842628,"frozenset({'21931 - jumbo storage bag suki', '85099B - jumbo bag red retrospot', '22386 - jumbo bag pink polkadot'})"
0.011889321227842628,frozenset({'22896 - peg bag apples design'})
0.011889321227842628,frozenset({'23165 - large ceramic top storage jar'})
0.011889321227842628,frozenset({'20677 - pink polkadot bowl'})
0.011889321227842628,frozenset({'22195 - large heart measuring spoons'})
0.011835278858625162,frozenset({'22623 - box of vintage jigsaw blocks'})
0.011835278858625162,"frozenset({'22383 - lunch bag suki design', '22382 - lunch bag spaceboy design', '20727 - lunch bag  black skull.'})"
0.011835278858625162,frozenset({'21035 - set/2 red retrospot tea towels'})
0.011835278858625162,frozenset({'23110 - parisienne key cabinet'})
0.011835278858625162,"frozenset({'22556 - plasters in tin circus parade', '22555 - plasters in tin strongman'})"
0.011781236489407695,"frozenset({'22383 - lunch bag suki design', '23206 - lunch bag apple design', '20725 - lunch bag red retrospot'})"
0.011781236489407695,"frozenset({'23356 - love hot water bottle', '23355 - hot water bottle keep calm'})"
0.011727194120190229,frozenset({'21429 - red gingham rose jewellery box'})
0.011727194120190229,"frozenset({'22382 - lunch bag spaceboy design', '85099B - jumbo bag red retrospot'})"
0.011727194120190229,"frozenset({'22423 - regency cakestand 3 tier', '22720 - set of 3 cake tins pantry design'})"
0.011727194120190229,"frozenset({'85099F - jumbo bag strawberry', '21931 - jumbo storage bag suki'})"
0.011673151750972763,frozenset({'23571 - traditional naughts & crosses'})
0.011673151750972763,frozenset({'23333 - ivory wicker heart medium'})
0.011619109381755297,frozenset({'21499 - blue polkadot wrap'})
0.011619109381755297,"frozenset({'23296 - set of 6 tea time baking cases', '23293 - set of 12 fairy cake baking cases'})"
0.011619109381755297,frozenset({'20982 - 12 pencils tall tube skulls'})
0.011619109381755297,"frozenset({""22746 - poppy's playhouse livingroom"", ""22748 - poppy's playhouse kitchen""})"
0.011619109381755297,frozenset({'21240 - blue polkadot cup'})
0.011619109381755297,frozenset({'23229 - vintage donkey tail game'})
0.011619109381755297,frozenset({'23329 - decorative wicker heart large'})
0.011619109381755297,"frozenset({'22726 - alarm clock bakelike green', '22727 - alarm clock bakelike red', '22730 - alarm clock bakelike ivory'})"
0.01156506701253783,frozenset({'85048 - 15cm christmas glass ball 20 lights'})
0.01156506701253783,frozenset({'23177 - treasure island book box'})
0.01156506701253783,"frozenset({'22382 - lunch bag spaceboy design', '22662 - lunch bag dolly girl design', '20725 - lunch bag red retrospot'})"
0.01156506701253783,frozenset({'22716 - card circus parade'})
0.01156506701253783,"frozenset({'20719 - woodland charlotte bag', '20723 - strawberry charlotte bag'})"
0.01156506701253783,"frozenset({'22720 - set of 3 cake tins pantry design', '23243 - set of tea coffee sugar tins pantry'})"
0.01156506701253783,frozenset({'23154 - set of 4 jam jar magnets'})
0.011511024643320364,frozenset({'23310 - bubblegum ring assorted'})
0.011511024643320364,"frozenset({'23203 - jumbo bag doiley patterns', '23209 - lunch bag doiley pattern'})"
0.011511024643320364,frozenset({'22435 - set of 9 heart shaped balloons'})
0.011511024643320364,frozenset({'21500 - pink polkadot wrap'})
0.011511024643320364,"frozenset({'21212 - pack of 72 retrospot cake cases', '21080 - set/20 red retrospot paper napkins'})"
0.011511024643320364,frozenset({'23100 - silver bells table decoration'})
0.011511024643320364,frozenset({'23078 - ice cream pen lip gloss'})
0.011511024643320364,frozenset({'22712 - card dolly girl'})
0.011456982274102896,frozenset({'22295 - heart filigree dove large'})
0.011456982274102896,"frozenset({'21212 - pack of 72 retrospot cake cases', '22417 - pack of 60 spaceboy cake cases'})"
0.011456982274102896,frozenset({'22796 - photo frame 3 classic hanging'})
0.01140293990488543,frozenset({'23196 - vintage leaf magnetic notepad'})
0.01140293990488543,"frozenset({'20728 - lunch bag cars blue', '22382 - lunch bag spaceboy design', '20726 - lunch bag woodland'})"
0.01140293990488543,frozenset({'84997C - childrens cutlery polkadot blue'})
0.01140293990488543,"frozenset({'23204 - charlotte bag apples design', '20724 - red retrospot charlotte bag'})"
0.01140293990488543,frozenset({'23146 - triple hook antique ivory rose'})
0.01140293990488543,"frozenset({'21669 - blue stripe ceramic drawer knob', '21668 - red stripe ceramic drawer knob'})"
0.01140293990488543,frozenset({'21539 - red retrospot butter dish'})
0.011348897535667963,"frozenset({'22725 - alarm clock bakelike chocolate', '22726 - alarm clock bakelike green'})"
0.011348897535667963,frozenset({'21592 - retrospot cigar box matches'})
0.011348897535667963,"frozenset({'20727 - lunch bag  black skull.', '22382 - lunch bag spaceboy design', '20726 - lunch bag woodland'})"
0.011294855166450497,"frozenset({'22633 - hand warmer union jack', '22865 - hand warmer owl design'})"
0.011294855166450497,frozenset({'22963 - jam jar with green lid'})
0.011294855166450497,"frozenset({'22356 - charlotte bag pink polkadot', '20723 - strawberry charlotte bag'})"
0.011294855166450497,"frozenset({'23208 - lunch bag vintage leaf design', '23202 - jumbo bag vintage leaf'})"
0.011294855166450497,frozenset({'23083 - set 6 paper table lantern stars'})
0.011294855166450497,"frozenset({'85123A - white hanging heart t-light holder', '21754 - home building block word'})"
0.01124081279723303,frozenset({'23168 - classic cafe sugar dispenser'})
0.01124081279723303,frozenset({'22670 - french wc sign blue metal'})
0.01124081279723303,frozenset({'20981 - 12 pencils tall tube woodland'})
0.01124081279723303,frozenset({'22767 - triple photo frame cornice'})
0.01124081279723303,"frozenset({'22411 - jumbo shopper vintage red paisley', '23202 - jumbo bag vintage leaf'})"
0.011186770428015564,"frozenset({'21930 - jumbo storage bag skulls', '22386 - jumbo bag pink polkadot'})"
0.011186770428015564,"frozenset({'23256 - childrens cutlery spaceboy', '23254 - childrens cutlery dolly girl'})"
0.011132728058798098,"frozenset({'21231 - sweetheart ceramic trinket box', '21232 - strawberry ceramic trinket box'})"
0.011132728058798098,frozenset({'21937 - strawberry   picnic bag'})
0.011132728058798098,frozenset({'22045 - spaceboy gift wrap'})
0.011132728058798098,"frozenset({'23175 - regency milk jug pink', '23174 - regency sugar bowl green'})"
0.011132728058798098,"frozenset({'22667 - recipe box retrospot', '22666 - recipe box pantry yellow design'})"
0.011132728058798098,frozenset({'21531 - red retrospot sugar jam bowl'})
0.011132728058798098,frozenset({'17003 - brocade ring purse'})
0.011132728058798098,"frozenset({'22384 - lunch bag pink polkadot', '22383 - lunch bag suki design', '20728 - lunch bag cars blue'})"
0.011078685689580632,"frozenset({'85099C - jumbo  bag baroque black white', '85099F - jumbo bag strawberry'})"
0.011078685689580632,frozenset({'85049C - romantic pinks ribbons'})
0.011078685689580632,"frozenset({'85099B - jumbo bag red retrospot', '23200 - jumbo bag pears'})"
0.011078685689580632,frozenset({'21989 - pack of 20 skull paper napkins'})
0.011078685689580632,frozenset({'21993 - floral folk stationery set'})
0.011078685689580632,frozenset({'21623 - vintage union jack memoboard'})
0.011078685689580632,frozenset({'21745 - gaolers keys decorative garden'})
0.011078685689580632,frozenset({'23000 - travel card wallet transport'})
0.011078685689580632,"frozenset({""22745 - poppy's playhouse bedroom"", ""22746 - poppy's playhouse livingroom""})"
0.011078685689580632,frozenset({'21385 - ivory hanging decoration  heart'})
0.011024643320363165,"frozenset({'23207 - lunch bag alphabet design', '20726 - lunch bag woodland'})"
0.011024643320363165,"frozenset({'22662 - lunch bag dolly girl design', '23206 - lunch bag apple design'})"
0.011024643320363165,frozenset({'22668 - pink baby bunting'})
0.011024643320363165,"frozenset({'20728 - lunch bag cars blue', '22382 - lunch bag spaceboy design', '22383 - lunch bag suki design'})"
0.011024643320363165,frozenset({'21935 - suki  shoulder bag'})
0.011024643320363165,"frozenset({'20727 - lunch bag  black skull.', '23206 - lunch bag apple design', '20725 - lunch bag red retrospot'})"
0.011024643320363165,"frozenset({'22385 - jumbo bag spaceboy design', '22386 - jumbo bag pink polkadot'})"
0.011024643320363165,frozenset({'22739 - ribbon reel christmas sock bauble'})
0.010970600951145697,"frozenset({'22144 - christmas craft little friends', '22142 - christmas craft white fairy'})"
0.010970600951145697,"frozenset({'20728 - lunch bag cars blue', '23208 - lunch bag vintage leaf design'})"
0.010970600951145697,frozenset({'21509 - cowboys and indians birthday card'})
0.010970600951145697,frozenset({'22634 - childs breakfast set spaceboy'})
0.010970600951145697,frozenset({'21218 - red spotty biscuit tin'})
0.010970600951145697,"frozenset({'23439 - hand warmer red love heart', '22865 - hand warmer owl design'})"
0.010916558581928231,frozenset({'22965 - 3 traditional biscuit cutters  set'})
0.010916558581928231,"frozenset({'20713 - jumbo bag owls', '85099B - jumbo bag red retrospot'})"
0.010916558581928231,"frozenset({'22720 - set of 3 cake tins pantry design', '22961 - jam making set printed'})"
0.010916558581928231,frozenset({'22534 - magic drawing slate spaceboy'})
0.010916558581928231,"frozenset({'23172 - regency tea plate pink', '23171 - regency tea plate green'})"
0.010916558581928231,"frozenset({'22383 - lunch bag suki design', '20727 - lunch bag  black skull.', '23206 - lunch bag apple design'})"
0.010916558581928231,"frozenset({'23293 - set of 12 fairy cake baking cases', '23294 - set of 6 snack loaf baking cases'})"
0.010862516212710765,frozenset({'23389 - spaceboy mini backpack'})
0.010862516212710765,"frozenset({'20727 - lunch bag  black skull.', '20724 - red retrospot charlotte bag'})"
0.010862516212710765,frozenset({'21078 - set/20 strawberry paper napkins'})
0.010862516212710765,frozenset({'21239 - pink  polkadot cup'})
0.010862516212710765,"frozenset({'22570 - feltcraft cushion rabbit', '22569 - feltcraft cushion butterfly'})"
0.010862516212710765,"frozenset({'23321 - small white heart of wicker', '22469 - heart of wicker small'})"
0.010862516212710765,frozenset({'23393 - home sweet home cushion cover'})
0.010862516212710765,"frozenset({'21929 - jumbo bag pink vintage paisley', '85099F - jumbo bag strawberry'})"
0.010862516212710765,"frozenset({'22555 - plasters in tin strongman', '22554 - plasters in tin woodland animals'})"
0.010808473843493299,"frozenset({'21931 - jumbo storage bag suki', '23202 - jumbo bag vintage leaf'})"
0.010808473843493299,"frozenset({'22382 - lunch bag spaceboy design', '22629 - spaceboy lunch box'})"
0.010808473843493299,"frozenset({'22193 - red diner wall clock', '22191 - ivory diner wall clock'})"
0.010808473843493299,frozenset({'84050 - pink heart shape egg frying pan'})
0.010808473843493299,"frozenset({'22384 - lunch bag pink polkadot', '22382 - lunch bag spaceboy design', '20726 - lunch bag woodland'})"
0.010808473843493299,"frozenset({'20727 - lunch bag  black skull.', '23209 - lunch bag vintage doily'})"
0.010808473843493299,frozenset({'22491 - pack of 12 coloured pencils'})
0.010808473843493299,"frozenset({'22579 - wooden tree christmas scandinavian', '22577 - wooden heart christmas scandinavian'})"
0.010808473843493299,"frozenset({'22568 - feltcraft cushion owl', '22570 - feltcraft cushion rabbit'})"
0.010754431474275832,"frozenset({'20712 - jumbo bag woodland animals', '22386 - jumbo bag pink polkadot'})"
0.010754431474275832,frozenset({'22208 - wood stamp set thank you'})
0.010754431474275832,frozenset({'22841 - round cake tin vintage green'})
0.010754431474275832,frozenset({'21992 - vintage paisley stationery set'})
0.010754431474275832,"frozenset({'21932 - scandinavian paisley picnic bag', '21933 - pink vintage paisley picnic bag'})"
0.010754431474275832,"frozenset({'21977 - pack of 60 pink paisley cake cases', '21975 - pack of 60 dinosaur cake cases'})"
0.010754431474275832,"frozenset({'22385 - jumbo bag spaceboy design', '21931 - jumbo storage bag suki'})"
0.010700389105058366,"frozenset({'22384 - lunch bag pink polkadot', '85123A - white hanging heart t-light holder'})"
0.010700389105058366,"frozenset({'82483 - wood 2 drawer cabinet white finish', '82482 - wooden picture frame white finish'})"
0.010700389105058366,"frozenset({'22144 - christmas craft little friends', '22141 - christmas craft tree top angel'})"
0.010700389105058366,"frozenset({'21928 - jumbo bag scandinavian blue paisley', '22411 - jumbo shopper vintage red paisley'})"
0.010700389105058366,frozenset({'23012 - glass apothecary bottle perfume'})
0.010700389105058366,"frozenset({'22384 - lunch bag pink polkadot', '20726 - lunch bag woodland', '20727 - lunch bag  black skull.'})"
0.010700389105058366,"frozenset({'23203 - jumbo bag doiley patterns', '23202 - jumbo bag vintage leaf'})"
0.0106463467358409,"frozenset({'20727 - lunch bag  black skull.', '22386 - jumbo bag pink polkadot'})"
0.0106463467358409,frozenset({'21876 - pottering mug'})
0.0106463467358409,frozenset({'23215 - jingle bell heart antique silver'})
0.0106463467358409,"frozenset({'23199 - jumbo bag apples', '20725 - lunch bag red retrospot'})"
0.0106463467358409,"frozenset({'23172 - regency tea plate pink', '23170 - regency tea plate roses'})"
0.0106463467358409,frozenset({'21704 - bag 250g swirly marbles'})
0.0106463467358409,frozenset({'23184 - bull dog bottle opener'})
0.0106463467358409,"frozenset({'21212 - pack of 72 retrospot cake cases', '20725 - lunch bag red retrospot'})"
0.0106463467358409,"frozenset({'23201 - jumbo bag alphabet', '22386 - jumbo bag pink polkadot'})"
0.0106463467358409,"frozenset({'22720 - set of 3 cake tins pantry design', '85123A - white hanging heart t-light holder'})"
0.0106463467358409,frozenset({'22978 - pantry rolling pin'})
0.0106463467358409,"frozenset({'23202 - jumbo bag vintage leaf', '22386 - jumbo bag pink polkadot'})"
0.010592304366623433,frozenset({'22892 - set of salt and pepper toadstools'})
0.010592304366623433,"frozenset({'22384 - lunch bag pink polkadot', '23208 - lunch bag vintage leaf design'})"
0.010592304366623433,"frozenset({'21930 - jumbo storage bag skulls', '21931 - jumbo storage bag suki'})"
0.010592304366623433,frozenset({'22957 - set 3 paper vintage chick paper egg'})
0.010592304366623433,"frozenset({'22041 - record frame 7"" single size'})"
0.010592304366623433,"frozenset({'22382 - lunch bag spaceboy design', '23206 - lunch bag apple design', '20725 - lunch bag red retrospot'})"
0.010592304366623433,"frozenset({'22384 - lunch bag pink polkadot', '20728 - lunch bag cars blue', '20726 - lunch bag woodland'})"
0.010592304366623433,"frozenset({'20727 - lunch bag  black skull.', '20728 - lunch bag cars blue', '20726 - lunch bag woodland'})"
0.010592304366623433,"frozenset({'20719 - woodland charlotte bag', '22356 - charlotte bag pink polkadot'})"
0.010592304366623433,"frozenset({'23173 - regency teapot roses', '23174 - regency sugar bowl green'})"
0.010538261997405967,frozenset({'22380 - toy tidy spaceboy'})
0.010538261997405967,"frozenset({'22993 - set of 4 pantry jelly moulds', '22720 - set of 3 cake tins pantry design'})"
0.010538261997405967,frozenset({'23159 - set of 5 pancake day magnets'})
0.010538261997405967,frozenset({'23306 - set of 36 doilies pantry design'})
0.010538261997405967,"frozenset({'21929 - jumbo bag pink vintage paisley', '21931 - jumbo storage bag suki'})"
0.010538261997405967,frozenset({'23166 - medium ceramic top storage jar'})
0.010538261997405967,frozenset({'23330 - decorative wicker heart medium'})
0.010484219628188499,"frozenset({'22557 - plasters in tin vintage paisley', '22554 - plasters in tin woodland animals'})"
0.010484219628188499,"frozenset({'21975 - pack of 60 dinosaur cake cases', '84992 - 72 sweetheart fairy cake cases'})"
0.010484219628188499,"frozenset({'22384 - lunch bag pink polkadot', '23206 - lunch bag apple design', '20725 - lunch bag red retrospot'})"
0.010484219628188499,"frozenset({'22423 - regency cakestand 3 tier', '23173 - regency teapot roses'})"
0.010484219628188499,"frozenset({'23199 - jumbo bag apples', '21931 - jumbo storage bag suki'})"
0.010484219628188499,frozenset({'21874 - gin and tonic mug'})
0.010484219628188499,frozenset({'22754 - small red babushka notebook'})
0.010484219628188499,"frozenset({'20726 - lunch bag woodland', '23206 - lunch bag apple design', '20725 - lunch bag red retrospot'})"
0.010430177258971033,"frozenset({'22384 - lunch bag pink polkadot', '20728 - lunch bag cars blue', '20727 - lunch bag  black skull.', '20725 - lunch bag red retrospot'})"
0.010430177258971033,"frozenset({'23209 - lunch bag doiley pattern', '23206 - lunch bag apple design'})"
0.010430177258971033,"frozenset({'22411 - jumbo shopper vintage red paisley', '20725 - lunch bag red retrospot'})"
0.010430177258971033,frozenset({'22755 - small purple babushka notebook'})
0.010430177258971033,"frozenset({'23295 - set of 12 mini loaf baking cases', '23294 - set of 6 snack loaf baking cases'})"
0.010430177258971033,frozenset({'23312 - vintage christmas gift sack'})
0.010430177258971033,"frozenset({'84879 - assorted colour bird ornament', '47566 - party bunting'})"
0.010376134889753566,"frozenset({'22555 - plasters in tin strongman', '22551 - plasters in tin spaceboy'})"
0.010376134889753566,frozenset({'21108 - fairy cake flannel assorted colour'})
0.010376134889753566,"frozenset({'21086 - set/6 red spotty paper cups', '21080 - set/20 red retrospot paper napkins'})"
0.010376134889753566,"frozenset({'22470 - heart of wicker large', '23322 - large white heart of wicker'})"
0.010376134889753566,"frozenset({'23173 - regency teapot roses', '23175 - regency milk jug pink'})"
0.0103220925205361,frozenset({'22919 - herb marker mint'})
0.0103220925205361,frozenset({'21519 - gin & tonic diet greeting card'})
0.0103220925205361,"frozenset({'22355 - charlotte bag suki design', '20725 - lunch bag red retrospot'})"
0.010268050151318634,"frozenset({'21928 - jumbo bag scandinavian blue paisley', '22386 - jumbo bag pink polkadot'})"
0.010268050151318634,frozenset({'22302 - coffee mug pears  design'})
0.010268050151318634,"frozenset({'23208 - lunch bag vintage leaf design', '20726 - lunch bag woodland'})"
0.010268050151318634,frozenset({'23101 - silver stars table decoration'})
0.010268050151318634,"frozenset({'23296 - set of 6 tea time baking cases', '23295 - set of 12 mini loaf baking cases'})"
0.010268050151318634,"frozenset({'22633 - hand warmer union jack', '22866 - hand warmer scotty dog design'})"
0.010268050151318634,frozenset({'22917 - herb marker rosemary'})
0.010268050151318634,"frozenset({'23201 - jumbo bag alphabet', '21931 - jumbo storage bag suki'})"
0.010268050151318634,"frozenset({'22417 - pack of 60 spaceboy cake cases', '21975 - pack of 60 dinosaur cake cases'})"
0.010268050151318634,"frozenset({'22382 - lunch bag spaceboy design', '23209 - lunch bag vintage doily'})"
0.010268050151318634,frozenset({'21981 - pack of 12 woodland tissues'})
0.010268050151318634,"frozenset({'23173 - regency teapot roses', '22699 - roses regency teacup and saucer'})"
0.010268050151318634,frozenset({'22562 - monsters stencil craft'})
0.010268050151318634,frozenset({'84792 - enchanted bird coathanger 5 hook'})
0.010268050151318634,"frozenset({'22699 - roses regency teacup and saucer', '23170 - regency tea plate roses'})"
0.010268050151318634,frozenset({'23504 - playing cards jubilee union jack'})
0.010214007782101167,"frozenset({'21212 - pack of 72 retrospot cake cases', '22951 - 60 cake cases dolly girl design'})"
0.010214007782101167,"frozenset({'21213 - pack of 72 skull cake cases', '21975 - pack of 60 dinosaur cake cases'})"
0.010214007782101167,"frozenset({'22661 - charlotte bag dolly girl design', '20724 - red retrospot charlotte bag'})"
0.010214007782101167,frozenset({'22433 - watering can green dinosaur'})
0.010214007782101167,"frozenset({'22383 - lunch bag suki design', '23209 - lunch bag vintage doily'})"
0.010159965412883701,"frozenset({'22411 - jumbo shopper vintage red paisley', '85099B - jumbo bag red retrospot', '22386 - jumbo bag pink polkadot'})"
0.010159965412883701,frozenset({'84832 - zinc willie winkie  candle stick'})
0.010159965412883701,frozenset({'22920 - herb marker basil'})
0.010159965412883701,frozenset({'22644 - ceramic cherry cake money bank'})
0.010159965412883701,frozenset({'22798 - antique glass dressing table pot'})
0.010159965412883701,"frozenset({'22193 - red diner wall clock', '22192 - blue diner wall clock'})"
0.010159965412883701,"frozenset({'22666 - recipe box pantry yellow design', '22960 - jam making set with jars'})"
0.010105923043666235,"frozenset({'22384 - lunch bag pink polkadot', '85099B - jumbo bag red retrospot', '20725 - lunch bag red retrospot'})"
0.010105923043666235,frozenset({'23158 - set of 5 lucky cat magnets'})
0.010105923043666235,frozenset({'23242 - treasure tin buffalo bill'})
0.010105923043666235,frozenset({'22737 - ribbon reel christmas present'})
0.010105923043666235,"frozenset({'22411 - jumbo shopper vintage red paisley', '85099B - jumbo bag red retrospot', '21931 - jumbo storage bag suki'})"
0.010105923043666235,frozenset({'23091 - zinc herb garden container'})
0.010105923043666235,"frozenset({'22382 - lunch bag spaceboy design', '85123A - white hanging heart t-light holder'})"
0.010105923043666235,"frozenset({'22835 - hot water bottle i am so poorly', '22114 - hot water bottle tea and sympathy'})"
0.010105923043666235,frozenset({'22918 - herb marker parsley'})
0.010105923043666235,frozenset({'22906 - 12 message cards with envelopes'})
0.010105923043666235,frozenset({'23302 - kneeling mat housework  design'})
0.010105923043666235,frozenset({'21328 - balloons  writing set'})
0.010105923043666235,"frozenset({'22835 - hot water bottle i am so poorly', '23355 - hot water bottle keep calm'})"
0.010105923043666235,"frozenset({'22382 - lunch bag spaceboy design', '22662 - lunch bag dolly girl design', '20726 - lunch bag woodland'})"
0.010105923043666235,"frozenset({'22632 - hand warmer red retrospot', '22865 - hand warmer owl design'})"
0.010105923043666235,"frozenset({'22952 - 60 cake cases vintage christmas', '22909 - set of 20 vintage christmas napkins'})"
0.010051880674448769,frozenset({'82486 - 3 drawer antique white wood cabinet'})
0.010051880674448769,"frozenset({'82483 - wood 2 drawer cabinet white finish', '82494L - wooden frame antique white'})"
0.010051880674448769,frozenset({'22916 - herb marker thyme'})
0.010051880674448769,frozenset({'21917 - set 12 kids  white chalk sticks'})
0.010051880674448769,"frozenset({'22993 - set of 4 pantry jelly moulds', '22960 - jam making set with jars'})"
0.010051880674448769,"frozenset({'22624 - ivory kitchen scales', '22627 - mint kitchen scales'})"
0.010051880674448769,"frozenset({'20728 - lunch bag cars blue', '85123A - white hanging heart t-light holder'})"
0.010051880674448769,"frozenset({""22745 - poppy's playhouse bedroom"", ""22746 - poppy's playhouse livingroom"", ""22748 - poppy's playhouse kitchen""})"
0.010051880674448769,"frozenset({'20727 - lunch bag  black skull.', '22383 - lunch bag suki design', '20726 - lunch bag woodland'})"
0.010051880674448769,frozenset({'23176 - abc treasure book box'})
